kitchen_name,human_name,context,object-type,from-location,from-x,from-y,from-orient,to-location,to-x,to-y,to-orient,arm,table_name
KITCHEN,THOMAS,TABLE-SETTING,SpoonSoup,SinkDrawerLeftTop_05qp,0.96921,0.83987,3.10899,IslandArea,-0.70125,1.18529,-0.02311,RIGHT,rectangular_table
KITCHEN,THOMAS,TABLE-SETTING,SpoonSoup,SinkDrawerLeftTop_05qp,1.19926,0.82122,-3.09478,IslandArea,-0.67434,1.16612,0.07456,RIGHT,rectangular_table
KITCHEN,THOMAS,TABLE-SETTING,SpoonSoup,SinkDrawerLeftTop_05qp,1.07832,0.83979,3.14079,IslandArea,-0.75685,1.20909,-0.01101,RIGHT,rectangular_table
KITCHEN,THOMAS,TABLE-SETTING,SpoonSoup,SinkDrawerLeftTop_05qp,1.10095,0.82735,-3.06576,IslandArea,-0.664,1.23964,-0.09426,RIGHT,rectangular_table
KITCHEN,THOMAS,TABLE-SETTING,SpoonSoup,SinkDrawerLeftTop_05qp,1.075,0.83804,3.13684,IslandArea,-0.72685,2.02539,-0.10288,RIGHT,rectangular_table
KITCHEN,THOMAS,TABLE-SETTING,SpoonSoup,SinkDrawerLeftTop_05qp,1.13417,0.83249,-3.13641,IslandArea,-0.69163,1.87027,-0.12547,RIGHT,rectangular_table
KITCHEN,THOMAS,TABLE-SETTING,SpoonSoup,SinkDrawerLeftTop_05qp,1.12518,0.8369,3.13776,IslandArea,-0.81213,0.66175,-1.49658,LEFT,rectangular_table
KITCHEN,THOMAS,TABLE-SETTING,SpoonSoup,SinkDrawerLeftTop_05qp,1.10024,0.81939,3.09951,IslandArea,-1.17475,1.03671,-3.05917,RIGHT,rectangular_table
KITCHEN,THOMAS,TABLE-SETTING,SpoonSoup,SinkDrawerLeftTop_05qp,1.17249,0.89254,3.10521,IslandArea,-0.67546,1.20835,-0.35662,RIGHT,rectangular_table
KITCHEN,THOMAS,TABLE-SETTING,SpoonSoup,SinkDrawerLeftTop_05qp,1.17249,0.89254,3.10521,IslandArea,-0.69117,1.23028,-0.12602,RIGHT,rectangular_table
KITCHEN,THOMAS,TABLE-SETTING,SpoonSoup,SinkDrawerLeftTop_05qp,1.12965,0.98097,-3.0783,IslandArea,-0.69052,1.17189,-0.01004,RIGHT,rectangular_table
KITCHEN,THOMAS,TABLE-SETTING,SpoonSoup,SinkDrawerLeftTop_05qp,1.20391,0.89221,3.10609,IslandArea,-0.65865,1.9908,0.05152,RIGHT,rectangular_table
KITCHEN,THOMAS,TABLE-SETTING,SpoonSoup,SinkDrawerLeftTop_05qp,1.1751,0.89252,3.10597,IslandArea,-0.66714,1.91691,0.0266,LEFT,rectangular_table
KITCHEN,THOMAS,TABLE-SETTING,SpoonSoup,SinkDrawerLeftTop_05qp,1.17524,0.89221,3.10531,IslandArea,-0.65519,2.07856,-0.02866,RIGHT,rectangular_table
KITCHEN,THOMAS,TABLE-SETTING,SpoonSoup,SinkDrawerLeftTop_05qp,1.16931,0.89172,3.105,IslandArea,-0.66641,2.05963,-0.13165,RIGHT,rectangular_table
KITCHEN,THOMAS,TABLE-SETTING,SpoonSoup,SinkDrawerLeftTop_05qp,1.16931,0.89172,3.105,IslandArea,-0.68513,2.01462,-0.07842,RIGHT,rectangular_table
KITCHEN,THOMAS,TABLE-SETTING,SpoonSoup,SinkDrawerLeftTop_05qp,1.17911,0.89226,3.10495,IslandArea,-0.65385,1.92491,-0.10939,RIGHT,rectangular_table
KITCHEN,THOMAS,TABLE-SETTING,SpoonSoup,SinkDrawerLeftTop_05qp,1.17911,0.89226,3.10495,IslandArea,-0.6722,1.95755,0.05257,RIGHT,rectangular_table
KITCHEN,THOMAS,TABLE-SETTING,SpoonSoup,SinkDrawerLeftTop_05qp,1.20151,0.89157,3.09772,IslandArea,-0.65857,1.97319,-0.11545,RIGHT,rectangular_table
KITCHEN,THOMAS,TABLE-SETTING,SpoonSoup,SinkDrawerLeftTop_05qp,1.13417,0.83249,-3.13641,IslandArea,-0.67841,1.18043,-0.0946,RIGHT,rectangular_table
KITCHEN,THOMAS,TABLE-SETTING,SpoonSoup,SinkDrawerLeftTop_05qp,1.12518,0.8369,3.13776,IslandArea,-0.65195,1.21118,-0.06323,RIGHT,rectangular_table
KITCHEN,THOMAS,TABLE-SETTING,SpoonSoup,SinkDrawerLeftTop_05qp,1.10024,0.81939,3.09951,IslandArea,-0.64972,1.16084,-0.02969,RIGHT,rectangular_table
KITCHEN,THOMAS,TABLE-SETTING,SpoonSoup,SinkDrawerLeftTop_05qp,1.43575,0.84677,-2.98895,IslandArea,-0.64302,1.15151,-0.05503,LEFT,rectangular_table
KITCHEN,THOMAS,TABLE-SETTING,SpoonSoup,SinkDrawerLeftTop_05qp,1.18429,0.89227,3.10392,IslandArea,-0.64836,1.87504,-0.25926,RIGHT,rectangular_table
KITCHEN,THOMAS,TABLE-SETTING,SpoonSoup,SinkDrawerLeftTop_05qp,1.18409,0.89227,3.10454,IslandArea,-1.16588,0.95745,2.73994,RIGHT,rectangular_table
KITCHEN,THOMAS,TABLE-SETTING,SpoonSoup,SinkDrawerLeftTop_05qp,1.18409,0.89227,3.10454,IslandArea,-1.20366,0.973,2.98609,LEFT,rectangular_table
KITCHEN,THOMAS,TABLE-SETTING,SpoonSoup,SinkDrawerLeftTop_05qp,1.18409,0.89227,3.10454,IslandArea,-1.19165,1.00607,3.12626,RIGHT,rectangular_table
KITCHEN,THOMAS,TABLE-SETTING,SpoonSoup,SinkDrawerLeftTop_05qp,1.17719,0.89268,3.10386,IslandArea,-0.69653,1.25277,-0.01155,RIGHT,rectangular_table
KITCHEN,THOMAS,TABLE-SETTING,SpoonSoup,SinkDrawerLeftTop_05qp,1.17719,0.89268,3.10386,IslandArea,-0.6962,1.21668,0.01986,RIGHT,rectangular_table
KITCHEN,THOMAS,TABLE-SETTING,SpoonSoup,SinkDrawerLeftTop_05qp,0.93484,0.93019,-3.14112,IslandArea,-0.73189,1.22927,-0.02881,RIGHT,rectangular_table
KITCHEN,THOMAS,TABLE-SETTING,SpoonSoup,SinkDrawerLeftTop_05qp,0.99996,0.98149,3.01102,IslandArea,-0.70424,1.21111,-0.06512,RIGHT,rectangular_table
KITCHEN,THOMAS,TABLE-SETTING,SpoonSoup,SinkDrawerLeftTop_05qp,0.94467,0.92397,-3.09603,IslandArea,-0.68149,1.18007,0.05183,RIGHT,rectangular_table
KITCHEN,THOMAS,TABLE-SETTING,SpoonSoup,SinkDrawerLeftTop_05qp,0.93777,0.93004,-3.14145,IslandArea,-0.63869,1.13457,-0.11068,RIGHT,rectangular_table
KITCHEN,THOMAS,TABLE-SETTING,SpoonSoup,SinkDrawerLeftTop_05qp,0.93777,0.93004,-3.14145,IslandArea,-0.68465,1.14988,-0.11633,RIGHT,rectangular_table
KITCHEN,THOMAS,TABLE-SETTING,SpoonSoup,SinkDrawerLeftTop_05qp,0.99464,0.94015,-3.11593,IslandArea,-0.73951,1.24288,0.00635,RIGHT,rectangular_table
KITCHEN,THOMAS,TABLE-SETTING,SpoonSoup,SinkDrawerLeftTop_05qp,1.13417,0.83249,-3.13641,IslandArea,-1.13657,0.90185,3.11836,LEFT,rectangular_table
KITCHEN,THOMAS,TABLE-SETTING,SpoonSoup,SinkDrawerLeftTop_05qp,1.10024,0.81939,3.09951,IslandArea,-0.737,0.69156,-1.55221,LEFT,rectangular_table
KITCHEN,THOMAS,TABLE-SETTING,SpoonSoup,SinkDrawerLeftTop_05qp,1.43575,0.84677,-2.98895,IslandArea,-1.16169,0.84151,-3.10499,LEFT,rectangular_table
KITCHEN,THOMAS,TABLE-SETTING,SpoonSoup,SinkDrawerLeftTop_05qp,1.18429,0.89227,3.10392,IslandArea,-0.68528,1.1706,-0.1692,LEFT,rectangular_table
KITCHEN,THOMAS,TABLE-SETTING,SpoonSoup,SinkDrawerLeftTop_05qp,1.18429,0.89227,3.10392,IslandArea,-0.68018,1.25584,-0.07443,RIGHT,rectangular_table
KITCHEN,THOMAS,TABLE-SETTING,SpoonSoup,SinkDrawerLeftTop_05qp,0.93785,0.93001,3.14158,IslandArea,-0.77884,0.63795,-1.53008,LEFT,rectangular_table
KITCHEN,THOMAS,TABLE-SETTING,SpoonSoup,SinkDrawerLeftTop_05qp,1.17719,0.89268,3.10386,IslandArea,-0.69962,1.93051,-0.10989,LEFT,rectangular_table
KITCHEN,THOMAS,TABLE-SETTING,SpoonSoup,SinkDrawerLeftTop_05qp,1.17719,0.89268,3.10386,IslandArea,-0.67482,1.82493,0.02704,RIGHT,rectangular_table
KITCHEN,THOMAS,TABLE-SETTING,SpoonSoup,SinkDrawerLeftTop_05qp,1.17719,0.89268,3.10386,IslandArea,-0.68684,1.8255,-0.01138,RIGHT,rectangular_table
KITCHEN,THOMAS,TABLE-SETTING,SpoonSoup,SinkDrawerLeftTop_05qp,1.15929,0.95902,-2.97032,IslandArea,-0.66536,1.26421,0.08338,RIGHT,rectangular_table
KITCHEN,THOMAS,TABLE-SETTING,SpoonSoup,SinkDrawerLeftTop_05qp,1.04375,0.90261,-3.09498,IslandArea,-0.65042,1.23594,-0.00103,RIGHT,rectangular_table
KITCHEN,THOMAS,TABLE-SETTING,SpoonSoup,SinkDrawerLeftTop_05qp,1.04375,0.90261,-3.09498,IslandArea,-0.70202,1.23475,-0.0191,RIGHT,rectangular_table
KITCHEN,THOMAS,TABLE-SETTING,SpoonSoup,SinkDrawerLeftTop_05qp,1.11104,0.85089,-3.0573,IslandArea,-0.69055,1.24871,-0.07647,RIGHT,rectangular_table
KITCHEN,THOMAS,TABLE-SETTING,SpoonSoup,SinkDrawerLeftTop_05qp,0.93729,0.92078,-3.07237,IslandArea,-0.66242,1.24107,-0.10762,RIGHT,rectangular_table
KITCHEN,THOMAS,TABLE-SETTING,SpoonSoup,SinkDrawerLeftTop_05qp,1.15777,0.8607,3.03992,IslandArea,-0.679,1.18588,0.0475,RIGHT,rectangular_table
KITCHEN,THOMAS,TABLE-SETTING,SpoonSoup,SinkDrawerLeftTop_05qp,1.13417,0.83249,-3.13641,IslandArea,-0.76889,0.68254,-1.67691,LEFT,rectangular_table
KITCHEN,THOMAS,TABLE-SETTING,SpoonSoup,SinkDrawerLeftTop_05qp,1.10024,0.81939,3.09951,IslandArea,-0.6281,1.90575,-0.01751,LEFT,rectangular_table
KITCHEN,THOMAS,TABLE-SETTING,SpoonSoup,SinkDrawerLeftTop_05qp,1.43575,0.84677,-2.98895,IslandArea,-0.65679,1.81035,-0.04699,RIGHT,rectangular_table
KITCHEN,THOMAS,TABLE-SETTING,SpoonDessert,SinkDrawerLeftTop_05qp,0.99032,1.00037,-3.13545,IslandArea,-0.7327,0.59038,-1.16528,LEFT,rectangular_table
KITCHEN,THOMAS,TABLE-SETTING,SpoonDessert,SinkDrawerLeftTop_05qp,0.99032,1.00037,-3.13545,IslandArea,-1.17685,0.80735,2.93985,LEFT,rectangular_table
KITCHEN,THOMAS,TABLE-SETTING,SpoonDessert,SinkDrawerLeftTop_05qp,0.98873,0.98543,-2.72486,IslandArea,-0.65011,1.60372,0.01077,RIGHT,rectangular_table
KITCHEN,THOMAS,TABLE-SETTING,SpoonDessert,SinkDrawerLeftTop_05qp,0.98873,0.98543,-2.72486,IslandArea,-0.67126,1.61288,-0.35708,LEFT,rectangular_table
KITCHEN,THOMAS,TABLE-SETTING,SpoonDessert,SinkDrawerLeftTop_05qp,0.99032,1.00037,-3.13545,IslandArea,-0.61453,1.24676,-0.08586,RIGHT,rectangular_table
KITCHEN,THOMAS,TABLE-SETTING,SpoonDessert,SinkDrawerLeftTop_05qp,0.90577,0.96394,2.98784,IslandArea,-1.24022,1.54773,2.88409,LEFT,rectangular_table
KITCHEN,THOMAS,TABLE-SETTING,SpoonDessert,SinkDrawerLeftTop_05qp,0.90577,0.96394,2.98784,IslandArea,-1.13258,1.40959,-2.91149,RIGHT,rectangular_table
KITCHEN,THOMAS,TABLE-SETTING,SpoonDessert,SinkDrawerLeftTop_05qp,0.90577,0.96394,2.98784,IslandArea,-1.23798,1.48138,-3.1414,RIGHT,rectangular_table
KITCHEN,THOMAS,TABLE-SETTING,SpoonDessert,SinkDrawerLeftTop_05qp,0.98873,0.98543,-2.72486,IslandArea,-1.17373,1.35706,2.77507,RIGHT,rectangular_table
KITCHEN,THOMAS,TABLE-SETTING,SpoonDessert,SinkDrawerLeftTop_05qp,0.99032,1.00037,-3.13545,IslandArea,-1.14716,1.50427,2.7518,RIGHT,rectangular_table
KITCHEN,THOMAS,TABLE-SETTING,SpoonDessert,SinkDrawerLeftTop_05qp,0.99032,1.00037,-3.13545,IslandArea,-1.16773,1.5303,3.05123,RIGHT,rectangular_table
KITCHEN,THOMAS,TABLE-SETTING,SpoonDessert,SinkDrawerLeftTop_05qp,0.90577,0.96394,2.98784,IslandArea,-0.7819,0.60539,-1.5585,LEFT,rectangular_table
KITCHEN,THOMAS,TABLE-SETTING,SpoonDessert,SinkDrawerLeftTop_05qp,0.90577,0.96394,2.98784,IslandArea,-0.73367,0.61819,-1.58171,RIGHT,rectangular_table
KITCHEN,THOMAS,TABLE-SETTING,SpoonDessert,SinkDrawerLeftTop_05qp,0.90577,0.96394,2.98784,IslandArea,-0.70867,0.62919,-1.57742,RIGHT,rectangular_table
KITCHEN,THOMAS,TABLE-SETTING,SpoonDessert,SinkDrawerLeftTop_05qp,0.90577,0.96394,2.98784,IslandArea,-0.73548,0.63029,-1.57775,RIGHT,rectangular_table
KITCHEN,THOMAS,TABLE-SETTING,SpoonDessert,SinkDrawerLeftTop_05qp,1.16883,0.97634,-3.08968,IslandArea,-0.69514,0.6482,-1.5083,LEFT,rectangular_table
KITCHEN,THOMAS,TABLE-SETTING,SpoonDessert,SinkDrawerLeftTop_05qp,0.90577,0.96394,2.98784,IslandArea,-1.23516,0.88701,2.3251,RIGHT,rectangular_table
KITCHEN,THOMAS,TABLE-SETTING,SpoonDessert,SinkDrawerLeftTop_05qp,0.90577,0.96394,2.98784,IslandArea,-1.21988,0.88074,2.92369,RIGHT,rectangular_table
KITCHEN,THOMAS,TABLE-SETTING,KnifeTable,SinkDrawerLeftTop_05qp,1.39911,1.18568,3.07806,IslandArea,-1.1815,0.85523,-3.04633,LEFT,rectangular_table
KITCHEN,THOMAS,TABLE-SETTING,KnifeTable,SinkDrawerLeftTop_05qp,0.97931,1.18604,2.90333,IslandArea,-0.67431,1.89031,-0.11243,RIGHT,rectangular_table
KITCHEN,THOMAS,TABLE-SETTING,KnifeTable,SinkDrawerLeftTop_05qp,0.95007,1.13598,3.00291,IslandArea,-0.73681,0.66885,-1.54897,LEFT,rectangular_table
KITCHEN,THOMAS,TABLE-SETTING,KnifeTable,SinkDrawerLeftTop_05qp,0.97306,1.20339,-3.11952,IslandArea,-1.18681,0.91925,-3.06591,LEFT,rectangular_table
KITCHEN,THOMAS,TABLE-SETTING,KnifeTable,SinkDrawerLeftTop_05qp,1.05604,1.16044,3.13896,IslandArea,-1.16121,1.69442,-2.78893,RIGHT,rectangular_table
KITCHEN,THOMAS,TABLE-SETTING,KnifeTable,SinkDrawerLeftTop_05qp,1.14193,1.16268,3.12952,IslandArea,-0.76687,0.6868,-1.49318,LEFT,rectangular_table
KITCHEN,THOMAS,TABLE-SETTING,KnifeTable,SinkDrawerLeftTop_05qp,1.39911,1.18568,3.07806,IslandArea,-0.65982,1.96624,-0.08285,RIGHT,rectangular_table
KITCHEN,THOMAS,TABLE-SETTING,KnifeTable,SinkDrawerLeftTop_05qp,0.97931,1.18604,2.90333,IslandArea,-0.67542,1.21046,-0.06838,LEFT,rectangular_table
KITCHEN,THOMAS,TABLE-SETTING,KnifeTable,SinkDrawerLeftTop_05qp,0.95007,1.13598,3.00291,IslandArea,-1.12493,1.60316,3.12395,LEFT,rectangular_table
KITCHEN,THOMAS,TABLE-SETTING,KnifeTable,SinkDrawerLeftTop_05qp,0.97306,1.20339,-3.11952,IslandArea,-0.81584,0.6744,-1.48882,RIGHT,rectangular_table
KITCHEN,THOMAS,TABLE-SETTING,KnifeTable,SinkDrawerLeftTop_05qp,0.97306,1.20339,-3.11952,IslandArea,-0.76657,0.66131,-1.47317,RIGHT,rectangular_table
KITCHEN,THOMAS,TABLE-SETTING,KnifeTable,SinkDrawerLeftTop_05qp,0.97306,1.20339,-3.11952,IslandArea,-0.77171,0.67789,-1.56371,RIGHT,rectangular_table
KITCHEN,THOMAS,TABLE-SETTING,KnifeTable,SinkDrawerLeftTop_05qp,1.39911,1.18568,3.07806,IslandArea,-0.68331,1.21943,-0.08639,LEFT,rectangular_table
KITCHEN,THOMAS,TABLE-SETTING,KnifeTable,SinkDrawerLeftTop_05qp,0.97931,1.18604,2.90333,IslandArea,-1.14438,1.51637,3.07557,LEFT,rectangular_table
KITCHEN,THOMAS,TABLE-SETTING,KnifeTable,SinkDrawerLeftTop_05qp,0.97931,1.18604,2.90333,IslandArea,-1.15839,1.55461,-3.11765,RIGHT,rectangular_table
KITCHEN,THOMAS,TABLE-SETTING,KnifeTable,SinkDrawerLeftTop_05qp,0.95007,1.13598,3.00291,IslandArea,-0.68913,1.96856,-0.08108,RIGHT,rectangular_table
KITCHEN,THOMAS,TABLE-SETTING,KnifeTable,SinkDrawerLeftTop_05qp,1.11886,1.18596,-3.1246,IslandArea,-1.19158,0.87819,3.02736,LEFT,rectangular_table
KITCHEN,THOMAS,TABLE-SETTING,KnifeTable,SinkDrawerLeftTop_05qp,1.11886,1.18596,-3.1246,IslandArea,-1.18227,0.93937,3.02664,LEFT,rectangular_table
KITCHEN,THOMAS,TABLE-SETTING,KnifeTable,SinkDrawerLeftTop_05qp,1.39911,1.18568,3.07806,IslandArea,-0.74144,0.65032,-1.66711,RIGHT,rectangular_table
KITCHEN,THOMAS,TABLE-SETTING,KnifeTable,SinkDrawerLeftTop_05qp,0.95007,1.13598,3.00291,IslandArea,-0.69748,1.25424,-0.13097,LEFT,rectangular_table
KITCHEN,THOMAS,TABLE-SETTING,KnifeTable,SinkDrawerLeftTop_05qp,0.97306,1.20339,-3.11952,IslandArea,-1.20282,1.62067,3.12637,RIGHT,rectangular_table
KITCHEN,THOMAS,TABLE-SETTING,KnifeTable,SinkDrawerLeftTop_05qp,0.97306,1.20339,-3.11952,IslandArea,-1.24032,1.50905,-3.13041,RIGHT,rectangular_table
KITCHEN,THOMAS,TABLE-SETTING,KnifeTable,SinkDrawerLeftTop_05qp,0.97306,1.20339,-3.11952,IslandArea,-1.18125,1.52454,-3.09873,RIGHT,rectangular_table
KITCHEN,THOMAS,TABLE-SETTING,BowlLarge,IslandDrawerBottomLeft_nhwy,-0.7516,1.06283,-0.50437,IslandArea,-0.75099,1.06232,-0.50348,RIGHT,rectangular_table
KITCHEN,THOMAS,TABLE-SETTING,BowlLarge,IslandDrawerBottomLeft_nhwy,-0.7516,1.06283,-0.50437,IslandArea,-0.70388,1.09247,-0.5129,RIGHT,rectangular_table
KITCHEN,THOMAS,TABLE-SETTING,BowlLarge,IslandDrawerBottomLeft_nhwy,-0.71309,1.03288,-0.38728,IslandArea,-0.71595,1.03623,-0.32562,RIGHT,rectangular_table
KITCHEN,THOMAS,TABLE-SETTING,BowlLarge,IslandDrawerBottomLeft_nhwy,-0.71309,1.03288,-0.38728,IslandArea,-0.66922,1.0228,-0.34875,RIGHT,rectangular_table
KITCHEN,THOMAS,TABLE-SETTING,BowlLarge,IslandDrawerBottomLeft_nhwy,-0.68482,1.10014,-0.23443,IslandArea,-0.68006,1.09962,-0.23583,RIGHT,rectangular_table
KITCHEN,THOMAS,TABLE-SETTING,BowlLarge,IslandDrawerBottomLeft_nhwy,-0.68482,1.10014,-0.23443,IslandArea,-0.68482,1.10014,-0.23443,RIGHT,rectangular_table
KITCHEN,THOMAS,TABLE-SETTING,BowlLarge,IslandDrawerBottomLeft_nhwy,-0.6645,0.99755,0.1144,IslandArea,-0.6645,0.99755,0.1144,RIGHT,rectangular_table
KITCHEN,THOMAS,TABLE-SETTING,BowlLarge,IslandDrawerBottomLeft_nhwy,-0.6645,0.99755,0.1144,IslandArea,-0.65908,1.02933,0.07539,RIGHT,rectangular_table
KITCHEN,THOMAS,TABLE-SETTING,BowlLarge,IslandDrawerBottomLeft_nhwy,-0.71164,1.09838,-0.27596,IslandArea,-0.67207,1.08446,-0.30725,RIGHT,rectangular_table
KITCHEN,THOMAS,TABLE-SETTING,BowlLarge,IslandDrawerBottomLeft_nhwy,-0.64653,1.08725,-0.45942,IslandArea,-0.64769,1.08862,-0.46501,RIGHT,rectangular_table
KITCHEN,THOMAS,TABLE-SETTING,BowlLarge,IslandDrawerBottomLeft_nhwy,-0.64653,1.08725,-0.45942,IslandArea,-0.64746,1.04952,-0.47813,LEFT,rectangular_table
KITCHEN,THOMAS,TABLE-SETTING,BowlLarge,IslandDrawerBottomLeft_nhwy,-0.72201,1.90171,-0.81088,IslandArea,-0.7014,1.90088,-0.8298,RIGHT,rectangular_table
KITCHEN,THOMAS,TABLE-SETTING,BowlLarge,IslandDrawerBottomLeft_nhwy,-0.72201,1.90171,-0.81088,IslandArea,-0.6735,1.86754,-0.78498,RIGHT,rectangular_table
KITCHEN,THOMAS,TABLE-SETTING,BowlLarge,IslandDrawerBottomLeft_nhwy,-0.74237,1.89059,-1.11213,IslandArea,-0.70183,1.86266,-1.08569,RIGHT,rectangular_table
KITCHEN,THOMAS,TABLE-SETTING,BowlLarge,IslandDrawerBottomLeft_nhwy,-0.74237,1.89059,-1.11213,IslandArea,-0.69596,1.91047,-1.1707,LEFT,rectangular_table
KITCHEN,THOMAS,TABLE-SETTING,BowlLarge,IslandDrawerBottomLeft_nhwy,-0.75452,0.83693,0.01886,IslandArea,-0.88592,0.684,-0.40535,RIGHT,rectangular_table
KITCHEN,THOMAS,TABLE-SETTING,BowlLarge,IslandDrawerBottomLeft_nhwy,-0.56887,0.83877,-0.04857,IslandArea,-0.64506,1.07805,-0.15442,RIGHT,rectangular_table
KITCHEN,THOMAS,TABLE-SETTING,BowlLarge,IslandDrawerBottomLeft_nhwy,-0.74639,0.83864,0,IslandArea,-0.63086,1.74563,-1.0014,RIGHT,rectangular_table
KITCHEN,THOMAS,TABLE-SETTING,BowlLarge,IslandDrawerBottomLeft_nhwy,-0.80701,0.8367,-0.03779,IslandArea,-0.67918,1.63202,-1.19158,RIGHT,rectangular_table
KITCHEN,THOMAS,TABLE-SETTING,BowlLarge,IslandDrawerBottomLeft_nhwy,-0.69164,1.66538,-1.43364,IslandArea,-0.68519,1.65238,-1.42082,RIGHT,rectangular_table
KITCHEN,THOMAS,TABLE-SETTING,BowlLarge,IslandDrawerBottomLeft_nhwy,-0.69164,1.66538,-1.43364,IslandArea,-0.66725,1.71656,-1.39427,RIGHT,rectangular_table
KITCHEN,THOMAS,TABLE-SETTING,BowlLarge,IslandDrawerBottomLeft_nhwy,-0.95226,0.68846,-0.1963,IslandArea,-0.93236,0.69882,-0.19105,RIGHT,rectangular_table
KITCHEN,THOMAS,TABLE-SETTING,BowlLarge,IslandDrawerBottomLeft_nhwy,-0.95226,0.68846,-0.1963,IslandArea,-0.92889,0.63805,-0.16344,RIGHT,rectangular_table
KITCHEN,THOMAS,TABLE-SETTING,BowlLarge,IslandDrawerBottomLeft_nhwy,-0.67412,1.12029,-0.38311,IslandArea,-0.66038,1.12048,-0.38376,RIGHT,rectangular_table
KITCHEN,THOMAS,TABLE-SETTING,BowlLarge,IslandDrawerBottomLeft_nhwy,-0.67412,1.12029,-0.38311,IslandArea,-0.68664,1.05729,-0.32319,RIGHT,rectangular_table
KITCHEN,THOMAS,TABLE-SETTING,BowlLarge,IslandDrawerBottomLeft_nhwy,-0.75452,0.83693,0.01886,IslandArea,-1.13371,1.05085,-0.40175,LEFT,rectangular_table
KITCHEN,THOMAS,TABLE-SETTING,BowlLarge,IslandDrawerBottomLeft_nhwy,-0.74639,0.83864,0,IslandArea,-0.86237,0.71531,-0.1902,LEFT,rectangular_table
KITCHEN,THOMAS,TABLE-SETTING,BowlLarge,IslandDrawerBottomLeft_nhwy,-0.80701,0.8367,-0.03779,IslandArea,-1.13474,0.93795,-0.43087,LEFT,rectangular_table
KITCHEN,THOMAS,TABLE-SETTING,BowlLarge,IslandDrawerBottomLeft_nhwy,-0.80701,0.8367,-0.03779,IslandArea,-1.17627,0.99259,-0.513,LEFT,rectangular_table
KITCHEN,THOMAS,TABLE-SETTING,BowlLarge,IslandDrawerBottomLeft_nhwy,-0.75452,0.83693,0.01886,IslandArea,-0.6624,1.03883,2.61576,RIGHT,rectangular_table
KITCHEN,THOMAS,TABLE-SETTING,BowlLarge,IslandDrawerBottomLeft_nhwy,-0.56887,0.83877,-0.04857,IslandArea,-0.939,0.68158,-0.26752,LEFT,rectangular_table
KITCHEN,THOMAS,TABLE-SETTING,BowlLarge,IslandDrawerBottomLeft_nhwy,-0.80701,0.8367,-0.03779,IslandArea,-0.66765,1.00331,-0.55635,LEFT,rectangular_table
KITCHEN,THOMAS,TABLE-SETTING,BowlLarge,IslandDrawerBottomLeft_nhwy,-0.80701,0.8367,-0.03779,IslandArea,-0.65769,1.01459,-0.85582,RIGHT,rectangular_table
KITCHEN,THOMAS,TABLE-SETTING,BowlLarge,IslandDrawerBottomLeft_nhwy,-0.69164,1.66538,-1.43364,IslandArea,-0.66686,1.01735,-0.29096,RIGHT,rectangular_table
KITCHEN,THOMAS,TABLE-SETTING,BowlLarge,IslandDrawerBottomLeft_nhwy,-0.69164,1.66538,-1.43364,IslandArea,-0.65709,1.04655,-0.32005,RIGHT,rectangular_table
KITCHEN,THOMAS,TABLE-SETTING,BowlLarge,IslandDrawerBottomLeft_nhwy,-0.69164,1.66538,-1.43364,IslandArea,-0.63546,1.11622,-0.38572,RIGHT,rectangular_table
KITCHEN,THOMAS,TABLE-SETTING,BowlLarge,IslandDrawerBottomLeft_nhwy,-0.67412,1.12029,-0.38311,IslandArea,-0.65686,1.80107,-1.46124,RIGHT,rectangular_table
KITCHEN,THOMAS,TABLE-SETTING,BowlLarge,IslandDrawerBottomLeft_nhwy,-0.67412,1.12029,-0.38311,IslandArea,-0.69249,1.69059,-0.94029,RIGHT,rectangular_table
KITCHEN,THOMAS,TABLE-SETTING,BowlLarge,IslandDrawerBottomLeft_nhwy,-0.75452,0.83693,0.01886,IslandArea,-0.70438,1.70922,-0.83832,RIGHT,rectangular_table
KITCHEN,THOMAS,TABLE-SETTING,BowlLarge,IslandDrawerBottomLeft_nhwy,-0.74639,0.83864,0,IslandArea,-0.63817,0.99168,-0.37993,LEFT,rectangular_table
KITCHEN,THOMAS,TABLE-SETTING,PlateClassic28,IslandDrawerBottomMiddle_H0F7,-0.66267,1.80376,-0.09634,IslandArea,-0.89732,0.74295,0.43176,LEFT,rectangular_table
KITCHEN,THOMAS,TABLE-SETTING,PlateClassic28,IslandDrawerBottomMiddle_H0F7,-0.66267,1.80376,-0.09634,IslandArea,-0.92993,0.67549,0.08258,RIGHT,rectangular_table
KITCHEN,THOMAS,TABLE-SETTING,PlateClassic28,IslandDrawerBottomMiddle_H0F7,-0.77209,0.92045,0.23141,IslandArea,-0.90388,0.66648,0.67992,LEFT,rectangular_table
KITCHEN,THOMAS,TABLE-SETTING,PlateClassic28,IslandDrawerBottomMiddle_H0F7,-0.72756,1.6849,0.07397,IslandArea,-0.71223,1.69501,0.06309,RIGHT,rectangular_table
KITCHEN,THOMAS,TABLE-SETTING,PlateClassic28,IslandDrawerBottomMiddle_H0F7,-0.72756,1.6849,0.07397,IslandArea,-0.67687,1.70104,0.3381,RIGHT,rectangular_table
KITCHEN,THOMAS,TABLE-SETTING,PlateClassic28,IslandDrawerBottomMiddle_H0F7,-0.77209,0.92045,0.23141,IslandArea,-0.68789,1.04869,0.36057,LEFT,rectangular_table
KITCHEN,THOMAS,TABLE-SETTING,PlateClassic28,IslandDrawerBottomMiddle_H0F7,-0.72756,1.6849,0.07397,IslandArea,-1.14445,1.00468,-0.31591,LEFT,rectangular_table
KITCHEN,THOMAS,TABLE-SETTING,PlateClassic28,IslandDrawerBottomMiddle_H0F7,-1.13353,1.08005,-0.03943,IslandArea,-1.18649,1.12508,-0.27536,RIGHT,rectangular_table
KITCHEN,THOMAS,TABLE-SETTING,PlateClassic28,IslandDrawerBottomMiddle_H0F7,-1.21235,1.0761,0.17487,IslandArea,-0.91425,0.67793,1.71848,RIGHT,rectangular_table
KITCHEN,THOMAS,TABLE-SETTING,PlateClassic28,IslandDrawerBottomMiddle_H0F7,-0.77209,0.92045,0.23141,IslandArea,-0.70303,1.75642,0.24179,RIGHT,rectangular_table
KITCHEN,THOMAS,TABLE-SETTING,PlateClassic28,IslandDrawerBottomMiddle_H0F7,-0.77209,0.92045,0.23141,IslandArea,-0.67393,1.7783,0.44747,RIGHT,rectangular_table
KITCHEN,THOMAS,TABLE-SETTING,PlateClassic28,IslandDrawerBottomMiddle_H0F7,-0.72756,1.6849,0.07397,IslandArea,-0.68628,1.04062,0.31919,LEFT,rectangular_table
KITCHEN,THOMAS,TABLE-SETTING,PlateClassic28,IslandDrawerBottomMiddle_H0F7,-0.66267,1.80376,-0.09634,IslandArea,-0.70156,1.7747,0.60992,RIGHT,rectangular_table
KITCHEN,THOMAS,TABLE-SETTING,PlateClassic28,IslandDrawerBottomMiddle_H0F7,-1.20903,1.7493,0.19161,IslandArea,-1.21274,1.74849,0.46088,RIGHT,rectangular_table
KITCHEN,THOMAS,TABLE-SETTING,PlateClassic28,IslandDrawerBottomMiddle_H0F7,-1.20903,1.7493,0.19161,IslandArea,-1.19923,1.6937,0.52927,RIGHT,rectangular_table
KITCHEN,THOMAS,TABLE-SETTING,PlateClassic28,IslandDrawerBottomMiddle_H0F7,-1.20903,1.7493,0.19161,IslandArea,-1.18403,1.68545,0.30585,RIGHT,rectangular_table
KITCHEN,THOMAS,TABLE-SETTING,PlateClassic28,IslandDrawerBottomMiddle_H0F7,-1.13353,1.08005,-0.03943,IslandArea,-0.68037,1.53906,0.77075,RIGHT,rectangular_table
KITCHEN,THOMAS,TABLE-SETTING,PlateClassic28,IslandDrawerBottomMiddle_H0F7,-1.21235,1.0761,0.17487,IslandArea,-1.17223,1.07052,0.52756,LEFT,rectangular_table
KITCHEN,THOMAS,TABLE-SETTING,PlateClassic28,IslandDrawerBottomMiddle_H0F7,-1.21235,1.0761,0.17487,IslandArea,-1.19088,1.12813,0.14138,RIGHT,rectangular_table
KITCHEN,THOMAS,TABLE-SETTING,PlateClassic28,IslandDrawerBottomMiddle_H0F7,-0.77209,0.92045,0.23141,IslandArea,-1.15444,1.77525,-0.52908,RIGHT,rectangular_table
KITCHEN,THOMAS,TABLE-SETTING,PlateClassic28,IslandDrawerBottomMiddle_H0F7,-0.72756,1.6849,0.07397,IslandArea,-1.12144,1.74334,-0.24332,RIGHT,rectangular_table
KITCHEN,THOMAS,TABLE-SETTING,PlateClassic28,IslandDrawerBottomMiddle_H0F7,-0.66267,1.80376,-0.09634,IslandArea,-0.63497,1.1644,1.56096,RIGHT,rectangular_table
KITCHEN,THOMAS,TABLE-SETTING,PlateClassic28,IslandDrawerBottomMiddle_H0F7,-0.66267,1.80376,-0.09634,IslandArea,-0.67438,0.94415,1.80661,RIGHT,rectangular_table
KITCHEN,THOMAS,TABLE-SETTING,PlateClassic28,IslandDrawerBottomMiddle_H0F7,-0.66267,1.80376,-0.09634,IslandArea,-0.64957,1.12877,0.01586,RIGHT,rectangular_table
KITCHEN,THOMAS,TABLE-SETTING,PlateClassic28,IslandDrawerBottomMiddle_H0F7,-0.66267,1.80376,-0.09634,IslandArea,-0.67842,1.06698,0.4388,RIGHT,rectangular_table
KITCHEN,THOMAS,TABLE-SETTING,PlateClassic28,IslandDrawerBottomMiddle_H0F7,-1.20903,1.7493,0.19161,IslandArea,-0.93353,0.68252,-1.01981,LEFT,rectangular_table
KITCHEN,THOMAS,TABLE-SETTING,PlateClassic28,IslandDrawerBottomMiddle_H0F7,-1.21235,1.0761,0.17487,IslandArea,-1.14359,1.72732,0.49833,RIGHT,rectangular_table
KITCHEN,THOMAS,TABLE-SETTING,PlateClassic28,IslandDrawerBottomMiddle_H0F7,-0.77209,0.92045,0.23141,IslandArea,-1.179,1.04996,-1.21819,RIGHT,rectangular_table
KITCHEN,THOMAS,TABLE-SETTING,PlateClassic28,IslandDrawerBottomMiddle_H0F7,-0.66267,1.80376,-0.09634,IslandArea,-1.14878,1.80417,0.23552,RIGHT,rectangular_table
KITCHEN,THOMAS,TABLE-SETTING,PlateClassic28,IslandDrawerBottomMiddle_H0F7,-1.20903,1.7493,0.19161,IslandArea,-1.18657,1.07697,0.60052,RIGHT,rectangular_table
KITCHEN,THOMAS,TABLE-SETTING,GlassRound,SinkDrawerLeftMiddle_jqU4,0.95384,0.70908,-0.03699,IslandArea,-1.03659,1.68266,2.79404,LEFT,rectangular_table
KITCHEN,THOMAS,TABLE-SETTING,GlassRound,SinkDrawerLeftMiddle_jqU4,0.94681,0.70934,-0.02713,IslandArea,-0.84828,1.66392,2.69869,RIGHT,rectangular_table
KITCHEN,THOMAS,TABLE-SETTING,GlassRound,SinkDrawerLeftMiddle_jqU4,0.99464,0.70762,-0.00732,IslandArea,-0.94828,0.83401,3.13275,LEFT,rectangular_table
KITCHEN,THOMAS,TABLE-SETTING,GlassRound,SinkDrawerLeftMiddle_jqU4,0.94681,0.70934,-0.02713,IslandArea,-1.02882,1.02949,2.98637,LEFT,rectangular_table
KITCHEN,THOMAS,TABLE-SETTING,GlassRound,SinkDrawerLeftMiddle_jqU4,0.94681,0.70934,-0.02713,IslandArea,-1.00672,1.02564,2.88692,LEFT,rectangular_table
KITCHEN,THOMAS,TABLE-SETTING,GlassRound,SinkDrawerLeftMiddle_jqU4,1.00167,0.71059,0.01495,IslandArea,-1.01404,1.7025,2.68543,LEFT,rectangular_table
KITCHEN,THOMAS,TABLE-SETTING,GlassRound,SinkDrawerLeftMiddle_jqU4,1.00167,0.71059,0.01495,IslandArea,-1.00152,1.70575,1.84388,RIGHT,rectangular_table
KITCHEN,THOMAS,TABLE-SETTING,GlassRound,SinkDrawerLeftMiddle_jqU4,0.99464,0.70762,-0.00732,IslandArea,-1.03217,1.69343,-2.10232,RIGHT,rectangular_table
KITCHEN,THOMAS,TABLE-SETTING,GlassRound,SinkDrawerLeftMiddle_jqU4,1.09856,0.7102,0.12041,IslandArea,-1.06247,1.14217,2.90084,RIGHT,rectangular_table
KITCHEN,THOMAS,TABLE-SETTING,GlassRound,SinkDrawerLeftMiddle_jqU4,1.09856,0.7102,0.12041,IslandArea,-1.05636,1.1899,1.77539,LEFT,rectangular_table
KITCHEN,THOMAS,TABLE-SETTING,GlassRound,SinkDrawerLeftMiddle_jqU4,1.09856,0.7102,0.12041,IslandArea,-1.03175,1.34155,-0.50647,LEFT,rectangular_table
KITCHEN,THOMAS,TABLE-SETTING,GlassRound,SinkDrawerLeftMiddle_jqU4,1.09856,0.7102,0.12041,IslandArea,-0.97897,1.07774,-1.70992,RIGHT,rectangular_table
KITCHEN,THOMAS,TABLE-SETTING,GlassRound,SinkDrawerLeftMiddle_jqU4,0.94681,0.70934,-0.02713,IslandArea,-0.9948,0.86307,0.08622,RIGHT,rectangular_table
KITCHEN,THOMAS,TABLE-SETTING,GlassRound,SinkDrawerLeftMiddle_jqU4,0.94681,0.70934,-0.02713,IslandArea,-0.92312,0.8537,0.10965,RIGHT,rectangular_table
KITCHEN,THOMAS,TABLE-SETTING,GlassRound,SinkDrawerLeftMiddle_jqU4,1.0868,0.71,0,IslandArea,-0.80056,0.97279,-2.96755,LEFT,rectangular_table
KITCHEN,THOMAS,TABLE-SETTING,GlassRound,SinkDrawerLeftMiddle_jqU4,1.0868,0.71,0,IslandArea,-0.80579,1.08551,-3.03879,RIGHT,rectangular_table
KITCHEN,THOMAS,TABLE-SETTING,GlassRound,SinkDrawerLeftMiddle_jqU4,1.089,0.70688,-0.18915,IslandArea,-0.97511,1.05452,2.04695,LEFT,rectangular_table
KITCHEN,THOMAS,TABLE-SETTING,GlassRound,SinkDrawerLeftMiddle_jqU4,0.95384,0.70908,-0.03699,IslandArea,-0.79969,1.10659,-3.00263,LEFT,rectangular_table
KITCHEN,THOMAS,TABLE-SETTING,GlassRound,SinkDrawerLeftMiddle_jqU4,0.99464,0.70762,-0.00732,IslandArea,-0.82853,1.02619,2.64235,LEFT,rectangular_table
KITCHEN,THOMAS,TABLE-SETTING,GlassRound,SinkDrawerLeftMiddle_jqU4,1.09856,0.7102,0.12041,IslandArea,-1.03029,0.8158,-3.10485,LEFT,rectangular_table
KITCHEN,THOMAS,TABLE-SETTING,GlassRound,SinkDrawerLeftMiddle_jqU4,1.09856,0.7102,0.12041,IslandArea,-0.94705,0.82739,2.80827,LEFT,rectangular_table
KITCHEN,THOMAS,TABLE-SETTING,GlassRound,SinkDrawerLeftMiddle_jqU4,1.0868,0.71,0,IslandArea,-0.81262,1.66032,2.84514,RIGHT,rectangular_table
KITCHEN,THOMAS,TABLE-SETTING,GlassRound,SinkDrawerLeftMiddle_jqU4,1.19278,0.70999,0,IslandArea,-0.92564,0.85502,-2.70852,RIGHT,rectangular_table
KITCHEN,THOMAS,TABLE-SETTING,GlassRound,SinkDrawerLeftMiddle_jqU4,1.089,0.70688,-0.18915,IslandArea,-0.8606,1.73719,2.75315,LEFT,rectangular_table
KITCHEN,THOMAS,TABLE-SETTING,GlassRound,SinkDrawerLeftMiddle_jqU4,1.089,0.70688,-0.18915,IslandArea,-0.86072,1.75117,1.898,RIGHT,rectangular_table
KITCHEN,THOMAS,TABLE-SETTING,GlassRound,SinkDrawerLeftMiddle_jqU4,1.089,0.70688,-0.18915,IslandArea,-0.8799,1.77099,1.96698,RIGHT,rectangular_table
KITCHEN,THOMAS,TABLE-SETTING,GlassRound,SinkDrawerLeftMiddle_jqU4,0.95384,0.70908,-0.03699,IslandArea,-0.98715,1.02084,-2.38568,RIGHT,rectangular_table
KITCHEN,THOMAS,TABLE-SETTING,GlassRound,SinkDrawerLeftMiddle_jqU4,0.94681,0.70934,-0.02713,IslandArea,-0.82692,1.01663,2.42072,LEFT,rectangular_table
KITCHEN,THOMAS,TABLE-SETTING,GlassRound,SinkDrawerLeftMiddle_jqU4,0.94681,0.70934,-0.02713,IslandArea,-0.81281,1.02488,2.37667,RIGHT,rectangular_table
KITCHEN,THOMAS,TABLE-SETTING,GlassRound,SinkDrawerLeftMiddle_jqU4,1.19278,0.70999,0,IslandArea,-0.9781,0.99781,-2.25251,LEFT,rectangular_table
KITCHEN,THOMAS,TABLE-SETTING,GlassRound,SinkDrawerLeftMiddle_jqU4,1.19278,0.70999,0,IslandArea,-1.02489,0.94662,-2.2021,RIGHT,rectangular_table
KITCHEN,THOMAS,TABLE-SETTING,GlassRound,SinkDrawerLeftMiddle_jqU4,1.00167,0.71059,0.01495,IslandArea,-1.03706,1.0452,1.53798,RIGHT,rectangular_table
KITCHEN,THOMAS,TABLE-SETTING,GlassRound,SinkDrawerLeftMiddle_jqU4,0.94681,0.70934,-0.02713,IslandArea,-1.02229,1.84968,2.94649,RIGHT,rectangular_table
KITCHEN,THOMAS,TABLE-SETTING,GlassRound,SinkDrawerLeftMiddle_jqU4,0.94681,0.70934,-0.02713,IslandArea,-1.01229,1.82355,3.02913,RIGHT,rectangular_table
KITCHEN,THOMAS,TABLE-SETTING,GlassRound,SinkDrawerLeftMiddle_jqU4,1.0868,0.71,0,IslandArea,-0.85709,0.86726,3.03243,RIGHT,rectangular_table
KITCHEN,THOMAS,TABLE-SETTING,GlassRound,SinkDrawerLeftMiddle_jqU4,1.0868,0.71,0,IslandArea,-0.85045,0.86613,2.94187,RIGHT,rectangular_table
KITCHEN,THOMAS,TABLE-SETTING,GlassRound,SinkDrawerLeftMiddle_jqU4,1.19278,0.70999,0,IslandArea,-0.95752,1.73615,-2.86161,RIGHT,rectangular_table
KITCHEN,THOMAS,TABLE-SETTING,GlassRound,SinkDrawerLeftMiddle_jqU4,1.19278,0.70999,0,IslandArea,-0.95655,1.74278,2.42675,RIGHT,rectangular_table
KITCHEN,THOMAS,TABLE-SETTING,GlassRound,SinkDrawerLeftMiddle_jqU4,1.00167,0.71059,0.01495,IslandArea,-0.8817,1.80531,3.13799,RIGHT,rectangular_table
KITCHEN,THOMAS,TABLE-SETTING,GlassRound,SinkDrawerLeftMiddle_jqU4,0.99464,0.70762,-0.00732,IslandArea,-0.99091,1.10533,-2.69229,RIGHT,rectangular_table
KITCHEN,THOMAS,TABLE-SETTING,GlassRound,SinkDrawerLeftMiddle_jqU4,1.09856,0.7102,0.12041,IslandArea,-0.78866,1.07854,-2.52354,RIGHT,rectangular_table
KITCHEN,THOMAS,TABLE-SETTING,GlassRound,SinkDrawerLeftMiddle_jqU4,1.09856,0.7102,0.12041,IslandArea,-0.7833,1.10059,-1.95401,RIGHT,rectangular_table
KITCHEN,THOMAS,TABLE-SETTING,GlassRound,SinkDrawerLeftMiddle_jqU4,1.0868,0.71,0,IslandArea,-0.96153,1.66117,2.62163,LEFT,rectangular_table
KITCHEN,THOMAS,TABLE-SETTING,GlassRound,SinkDrawerLeftMiddle_jqU4,1.19278,0.70999,0,IslandArea,-0.85567,1.14702,-2.54774,LEFT,rectangular_table
KITCHEN,THOMAS,TABLE-SETTING,GlassRound,SinkDrawerLeftMiddle_jqU4,1.19278,0.70999,0,IslandArea,-0.87665,1.09518,-2.505,RIGHT,rectangular_table
KITCHEN,THOMAS,TABLE-SETTING,GlassRound,SinkDrawerLeftMiddle_jqU4,1.089,0.70688,-0.18915,IslandArea,-0.88512,0.78772,-2.75923,RIGHT,rectangular_table
KITCHEN,THOMAS,TABLE-SETTING,GlassRound,SinkDrawerLeftMiddle_jqU4,1.00167,0.71059,0.01495,IslandArea,-0.95043,0.8834,-3.05365,LEFT,rectangular_table
KITCHEN,THOMAS,TABLE-SETTING,GlassRound,SinkDrawerLeftMiddle_jqU4,0.95384,0.70908,-0.03699,IslandArea,-0.78525,1.6933,-3.02289,RIGHT,rectangular_table
KITCHEN,THOMAS,TABLE-SETTING,GlassRound,SinkDrawerLeftMiddle_jqU4,0.99464,0.70762,-0.00732,IslandArea,-0.86092,1.68992,-3.08123,RIGHT,rectangular_table
KITCHEN,THOMAS,TABLE-SETTING,GlassRound,SinkDrawerLeftMiddle_jqU4,1.09856,0.7102,0.12041,IslandArea,-0.81129,1.65433,1.94324,LEFT,rectangular_table
KITCHEN,THOMAS,TABLE-SETTING,GlassRound,SinkDrawerLeftMiddle_jqU4,1.09856,0.7102,0.12041,IslandArea,-0.89584,1.58567,1.70045,LEFT,rectangular_table
KITCHEN,THOMAS,TABLE-SETTING,GlassRound,SinkDrawerLeftMiddle_jqU4,1.09856,0.7102,0.12041,IslandArea,-0.90526,1.61185,1.71107,LEFT,rectangular_table
KITCHEN,THOMAS,TABLE-SETTING,GlassRound,SinkDrawerLeftMiddle_jqU4,1.0868,0.71,0,IslandArea,-0.98339,1.0662,-2.62375,RIGHT,rectangular_table
KITCHEN,THOMAS,TABLE-SETTING,GlassRound,SinkDrawerLeftMiddle_jqU4,1.0868,0.71,0,IslandArea,-0.69459,1.38386,-0.84781,RIGHT,rectangular_table
KITCHEN,THOMAS,TABLE-SETTING,GlassRound,SinkDrawerLeftMiddle_jqU4,1.0868,0.71,0,IslandArea,-0.66774,1.44797,2.02073,LEFT,rectangular_table
KITCHEN,THOMAS,TABLE-SETTING,GlassRound,SinkDrawerLeftMiddle_jqU4,1.0868,0.71,0,IslandArea,-0.96841,1.24495,2.89374,RIGHT,rectangular_table
KITCHEN,THOMAS,TABLE-SETTING,GlassRound,SinkDrawerLeftMiddle_jqU4,1.0868,0.71,0,IslandArea,-0.98475,1.15754,3.03597,RIGHT,rectangular_table
KITCHEN,THOMAS,TABLE-SETTING,GlassRound,SinkDrawerLeftMiddle_jqU4,1.19278,0.70999,0,IslandArea,-0.83869,1.90704,-3.11661,RIGHT,rectangular_table
KITCHEN,THOMAS,TABLE-SETTING,GlassRound,SinkDrawerLeftMiddle_jqU4,1.19278,0.70999,0,IslandArea,-0.82481,1.92232,-3.0641,RIGHT,rectangular_table
KITCHEN,THOMAS,TABLE-SETTING,GlassRound,SinkDrawerLeftMiddle_jqU4,1.089,0.70688,-0.18915,IslandArea,-0.95723,1.73139,2.91908,RIGHT,rectangular_table
KITCHEN,THOMAS,TABLE-SETTING,GlassRound,SinkDrawerLeftMiddle_jqU4,1.089,0.70688,-0.18915,IslandArea,-0.95135,1.66372,3.01938,RIGHT,rectangular_table
KITCHEN,THOMAS,TABLE-SETTING,GlassRound,SinkDrawerLeftMiddle_jqU4,1.00167,0.71059,0.01495,IslandArea,-0.87687,1.10087,-2.93817,RIGHT,rectangular_table
KITCHEN,THOMAS,TABLE-SETTING,Cup,SinkDrawerLeftMiddle_jqU4,0.92973,1.1501,0,IslandArea,-0.83739,1.81333,1.55569,RIGHT,rectangular_table
KITCHEN,THOMAS,TABLE-SETTING,Cup,SinkDrawerLeftMiddle_jqU4,0.91696,1.15005,0,IslandArea,-0.89412,0.85847,2.55149,RIGHT,rectangular_table
KITCHEN,THOMAS,TABLE-SETTING,Cup,SinkDrawerLeftMiddle_jqU4,0.91696,1.15005,0,IslandArea,-0.83084,0.82108,2.52155,RIGHT,rectangular_table
KITCHEN,THOMAS,TABLE-SETTING,Cup,SinkDrawerLeftMiddle_jqU4,0.91696,1.15005,0,IslandArea,-0.81525,0.8519,2.36444,LEFT,rectangular_table
KITCHEN,THOMAS,TABLE-SETTING,Cup,SinkDrawerLeftMiddle_jqU4,0.91499,1.15,0,IslandArea,-1.00248,1.09533,2.25317,LEFT,rectangular_table
KITCHEN,THOMAS,TABLE-SETTING,Cup,SinkDrawerLeftMiddle_jqU4,0.92194,1.15046,0.01309,IslandArea,-0.80743,0.97921,2.5853,LEFT,rectangular_table
KITCHEN,THOMAS,TABLE-SETTING,Cup,SinkDrawerLeftMiddle_jqU4,0.92194,1.15046,0.01309,IslandArea,-0.80412,1.13288,2.40228,RIGHT,rectangular_table
KITCHEN,THOMAS,TABLE-SETTING,Cup,SinkDrawerLeftMiddle_jqU4,0.91569,1.15002,0,IslandArea,-0.76368,0.85133,1.99138,LEFT,rectangular_table
KITCHEN,THOMAS,TABLE-SETTING,Cup,SinkDrawerLeftMiddle_jqU4,0.91569,1.15002,0,IslandArea,-0.7396,0.82076,1.99351,RIGHT,rectangular_table
KITCHEN,THOMAS,TABLE-SETTING,Cup,SinkDrawerLeftMiddle_jqU4,0.92681,1.15,0,IslandArea,-0.80209,0.84504,2.25917,LEFT,rectangular_table
KITCHEN,THOMAS,TABLE-SETTING,Cup,SinkDrawerLeftMiddle_jqU4,0.92681,1.15,0,IslandArea,-0.81823,0.8385,2.25753,RIGHT,rectangular_table
KITCHEN,THOMAS,TABLE-SETTING,Cup,SinkDrawerLeftMiddle_jqU4,0.91908,1.15,0,IslandArea,-0.8417,1.2136,1.70205,RIGHT,rectangular_table
KITCHEN,THOMAS,TABLE-SETTING,Cup,SinkDrawerLeftMiddle_jqU4,0.92253,1.1486,-0.01549,IslandArea,-0.8204,1.19229,-2.39341,LEFT,rectangular_table
KITCHEN,THOMAS,TABLE-SETTING,Cup,SinkDrawerLeftMiddle_jqU4,0.92253,1.1486,-0.01549,IslandArea,-0.86053,1.2264,-2.09306,RIGHT,rectangular_table
KITCHEN,THOMAS,TABLE-SETTING,Cup,SinkDrawerLeftMiddle_jqU4,1.1324,1.16858,0.35794,IslandArea,-0.99012,0.91157,1.57356,LEFT,rectangular_table
KITCHEN,THOMAS,TABLE-SETTING,Cup,SinkDrawerLeftMiddle_jqU4,0.92973,1.1501,0,IslandArea,-0.84067,0.86309,2.50041,LEFT,rectangular_table
KITCHEN,THOMAS,TABLE-SETTING,Cup,SinkDrawerLeftMiddle_jqU4,0.91696,1.15005,0,IslandArea,-0.77505,1.21166,1.9722,LEFT,rectangular_table
KITCHEN,THOMAS,TABLE-SETTING,Cup,SinkDrawerLeftMiddle_jqU4,0.91696,1.15005,0,IslandArea,-0.75146,1.24061,1.84086,RIGHT,rectangular_table
KITCHEN,THOMAS,TABLE-SETTING,Cup,SinkDrawerLeftMiddle_jqU4,0.91696,1.15005,0,IslandArea,-0.80143,1.25452,1.27164,RIGHT,rectangular_table
KITCHEN,THOMAS,TABLE-SETTING,Cup,SinkDrawerLeftMiddle_jqU4,0.91499,1.15,0,IslandArea,-0.83726,0.95765,2.64497,LEFT,rectangular_table
KITCHEN,THOMAS,TABLE-SETTING,Cup,SinkDrawerLeftMiddle_jqU4,0.92194,1.15046,0.01309,IslandArea,-1.02808,1.13476,2.55787,LEFT,rectangular_table
KITCHEN,THOMAS,TABLE-SETTING,Cup,SinkDrawerLeftMiddle_jqU4,0.92194,1.15046,0.01309,IslandArea,-1.01854,0.91757,1.90289,RIGHT,rectangular_table
KITCHEN,THOMAS,TABLE-SETTING,Cup,SinkDrawerLeftMiddle_jqU4,0.91569,1.15002,0,IslandArea,-0.79119,1.09532,-2.09199,LEFT,rectangular_table
KITCHEN,THOMAS,TABLE-SETTING,Cup,SinkDrawerLeftMiddle_jqU4,0.91569,1.15002,0,IslandArea,-0.80497,1.19455,-2.20371,RIGHT,rectangular_table
KITCHEN,THOMAS,TABLE-SETTING,Cup,SinkDrawerLeftMiddle_jqU4,0.92681,1.15,0,IslandArea,-0.83671,1.19019,3.05836,RIGHT,rectangular_table
KITCHEN,THOMAS,TABLE-SETTING,Cup,SinkDrawerLeftMiddle_jqU4,0.91908,1.15,0,IslandArea,-0.96191,1.62512,2.33989,RIGHT,rectangular_table
KITCHEN,THOMAS,TABLE-SETTING,Cup,SinkDrawerLeftMiddle_jqU4,0.91908,1.15,0,IslandArea,-0.99216,1.57739,2.39609,RIGHT,rectangular_table
KITCHEN,THOMAS,TABLE-SETTING,Cup,SinkDrawerLeftMiddle_jqU4,0.92253,1.1486,-0.01549,IslandArea,-0.85338,1.88997,-2.77284,RIGHT,rectangular_table
KITCHEN,THOMAS,TABLE-SETTING,Cup,SinkDrawerLeftMiddle_jqU4,0.92973,1.1501,0,IslandArea,-1.00669,0.97344,-1.68403,LEFT,rectangular_table
KITCHEN,THOMAS,TABLE-SETTING,Cup,SinkDrawerLeftMiddle_jqU4,0.91696,1.15005,0,IslandArea,-1.05963,1.02385,2.50769,LEFT,rectangular_table
KITCHEN,THOMAS,TABLE-SETTING,Cup,SinkDrawerLeftMiddle_jqU4,0.91696,1.15005,0,IslandArea,-1.00883,0.97656,2.73112,RIGHT,rectangular_table
KITCHEN,THOMAS,TABLE-SETTING,Cup,SinkDrawerLeftMiddle_jqU4,0.91696,1.15005,0,IslandArea,-1.07673,0.94833,2.7606,RIGHT,rectangular_table
KITCHEN,THOMAS,TABLE-SETTING,Cup,SinkDrawerLeftMiddle_jqU4,0.91696,1.15005,0,IslandArea,-1.01186,0.97748,2.48683,LEFT,rectangular_table
KITCHEN,THOMAS,TABLE-SETTING,Cup,SinkDrawerLeftMiddle_jqU4,0.92194,1.15046,0.01309,IslandArea,-0.82377,1.76478,-1.43517,RIGHT,rectangular_table
KITCHEN,THOMAS,TABLE-SETTING,Cup,SinkDrawerLeftMiddle_jqU4,0.91908,1.15,0,IslandArea,-0.81769,1.83464,0.6296,LEFT,rectangular_table
KITCHEN,THOMAS,TABLE-SETTING,Cup,SinkDrawerLeftMiddle_jqU4,0.91908,1.15,0,IslandArea,-0.83395,1.87222,0.74635,RIGHT,rectangular_table
KITCHEN,THOMAS,TABLE-SETTING,Cup,SinkDrawerLeftMiddle_jqU4,1.1324,1.16858,0.35794,IslandArea,-0.97668,1.73363,2.88477,RIGHT,rectangular_table
KITCHEN,THOMAS,TABLE-SETTING,Cup,SinkDrawerLeftMiddle_jqU4,1.1324,1.16858,0.35794,IslandArea,-1.03079,1.59004,-3.08211,RIGHT,rectangular_table
KITCHEN,THOMAS,TABLE-SETTING,Cup,SinkDrawerLeftMiddle_jqU4,0.91499,1.15,0,IslandArea,-1.01033,1.67178,2.52691,RIGHT,rectangular_table
KITCHEN,THOMAS,TABLE-SETTING,Cup,SinkDrawerLeftMiddle_jqU4,0.92194,1.15046,0.01309,IslandArea,-0.84335,0.86323,2.86552,RIGHT,rectangular_table
KITCHEN,THOMAS,TABLE-SETTING,Cup,SinkDrawerLeftMiddle_jqU4,0.92194,1.15046,0.01309,IslandArea,-0.80313,0.85738,2.90524,RIGHT,rectangular_table
KITCHEN,THOMAS,TABLE-SETTING,Cup,SinkDrawerLeftMiddle_jqU4,0.91569,1.15002,0,IslandArea,-0.82137,1.78328,-1.86851,RIGHT,rectangular_table
KITCHEN,THOMAS,TABLE-SETTING,Cup,SinkDrawerLeftMiddle_jqU4,1.18778,1.1502,0.00307,IslandArea,-0.85433,1.92499,2.15746,RIGHT,rectangular_table
KITCHEN,THOMAS,TABLE-SETTING,Cup,SinkDrawerLeftMiddle_jqU4,1.1324,1.16858,0.35794,IslandArea,-0.76815,1.80169,2.20137,RIGHT,rectangular_table
KITCHEN,THOMAS,TABLE-SETTING,Cup,SinkDrawerLeftMiddle_jqU4,0.92973,1.1501,0,IslandArea,-0.81458,1.13416,2.20737,RIGHT,rectangular_table
KITCHEN,THOMAS,TABLE-SETTING,Cup,SinkDrawerLeftMiddle_jqU4,0.91696,1.15005,0,IslandArea,-0.77014,1.77898,1.88249,RIGHT,rectangular_table
KITCHEN,THOMAS,TABLE-SETTING,Cup,SinkDrawerLeftMiddle_jqU4,0.91696,1.15005,0,IslandArea,-0.86129,1.72453,1.77196,LEFT,rectangular_table
KITCHEN,THOMAS,TABLE-SETTING,Cup,SinkDrawerLeftMiddle_jqU4,0.91696,1.15005,0,IslandArea,-0.81529,1.69782,1.71321,LEFT,rectangular_table
KITCHEN,THOMAS,TABLE-SETTING,Cup,SinkDrawerLeftMiddle_jqU4,0.91499,1.15,0,IslandArea,-0.79712,1.12693,2.23903,RIGHT,rectangular_table
KITCHEN,THOMAS,TABLE-SETTING,Cup,SinkDrawerLeftMiddle_jqU4,0.92194,1.15046,0.01309,IslandArea,-1.00209,1.97455,2.08509,RIGHT,rectangular_table
KITCHEN,THOMAS,TABLE-SETTING,Cup,SinkDrawerLeftMiddle_jqU4,0.92194,1.15046,0.01309,IslandArea,-1.00671,1.72164,2.52841,LEFT,rectangular_table
KITCHEN,THOMAS,TABLE-SETTING,Cup,SinkDrawerLeftMiddle_jqU4,0.91569,1.15002,0,IslandArea,-1.01414,1.57545,2.70095,RIGHT,rectangular_table
KITCHEN,THOMAS,TABLE-SETTING,Cup,SinkDrawerLeftMiddle_jqU4,0.91569,1.15002,0,IslandArea,-0.97314,1.56753,1.59215,RIGHT,rectangular_table
KITCHEN,THOMAS,TABLE-SETTING,Cup,SinkDrawerLeftMiddle_jqU4,0.92681,1.15,0,IslandArea,-0.99338,1.63451,2.37925,RIGHT,rectangular_table
KITCHEN,THOMAS,TABLE-SETTING,Cup,SinkDrawerLeftMiddle_jqU4,0.91908,1.15,0,IslandArea,-0.98671,0.93421,2.67175,LEFT,rectangular_table
KITCHEN,THOMAS,TABLE-SETTING,Cup,SinkDrawerLeftMiddle_jqU4,0.92253,1.1486,-0.01549,IslandArea,-0.83525,0.86243,2.50978,RIGHT,rectangular_table
KITCHEN,THOMAS,TABLE-SETTING,Cup,SinkDrawerLeftMiddle_jqU4,1.18493,1.03997,0,IslandArea,-0.80923,2.02628,2.93905,LEFT,rectangular_table
KITCHEN,THOMAS,TABLE-SETTING,Cup,SinkDrawerLeftMiddle_jqU4,1.1324,1.16858,0.35794,IslandArea,-0.77426,1.21315,2.68907,LEFT,rectangular_table
KITCHEN,THOMAS,TABLE-SETTING,Cup,SinkDrawerLeftMiddle_jqU4,0.91499,1.15,0,IslandArea,-0.76562,1.92667,2.22817,RIGHT,rectangular_table
KITCHEN,THOMAS,TABLE-SETTING,Cup,SinkDrawerLeftMiddle_jqU4,0.91569,1.15002,0,IslandArea,-0.96999,0.98705,2.82656,LEFT,rectangular_table
KITCHEN,THOMAS,TABLE-SETTING,Cup,SinkDrawerLeftMiddle_jqU4,0.91569,1.15002,0,IslandArea,-0.97838,0.96404,1.89188,RIGHT,rectangular_table
KITCHEN,THOMAS,TABLE-SETTING,Cup,SinkDrawerLeftMiddle_jqU4,0.91569,1.15002,0,IslandArea,-1.02237,1.03303,1.80645,RIGHT,rectangular_table
KITCHEN,THOMAS,TABLE-SETTING,JaNougatBits,OvenDrawerRight_pd6Y,1.2603,1.45013,1.74484,IslandArea,-0.88773,0.90395,-2.53067,LEFT,rectangular_table
KITCHEN,THOMAS,TABLE-SETTING,JaNougatBits,OvenDrawerRight_pd6Y,1.25753,1.44977,1.74056,IslandArea,-0.88809,0.96045,-2.3907,RIGHT,rectangular_table
KITCHEN,THOMAS,TABLE-SETTING,JaNougatBits,OvenDrawerRight_pd6Y,1.30681,1.45482,1.7683,IslandArea,-0.82891,1.06902,-2.32296,LEFT,rectangular_table
KITCHEN,THOMAS,TABLE-SETTING,JaNougatBits,OvenDrawerRight_pd6Y,1.30681,1.45482,1.7683,IslandArea,-0.84853,1.03174,-2.41557,RIGHT,rectangular_table
KITCHEN,THOMAS,TABLE-SETTING,JaNougatBits,OvenDrawerRight_pd6Y,1.30681,1.45482,1.7683,IslandArea,-0.87291,0.96916,-2.44336,LEFT,rectangular_table
KITCHEN,THOMAS,TABLE-SETTING,JaNougatBits,OvenDrawerRight_pd6Y,1.29395,1.45153,1.75852,IslandArea,-0.83158,0.89332,-2.41906,LEFT,rectangular_table
KITCHEN,THOMAS,TABLE-SETTING,JaNougatBits,OvenDrawerRight_pd6Y,1.29648,1.45017,1.74518,IslandArea,-0.81607,0.96593,-2.36174,LEFT,rectangular_table
KITCHEN,THOMAS,TABLE-SETTING,JaNougatBits,OvenDrawerRight_pd6Y,1.31008,1.45031,1.74768,IslandArea,-0.86479,0.92797,-2.34942,LEFT,rectangular_table
KITCHEN,THOMAS,TABLE-SETTING,JaNougatBits,OvenDrawerRight_pd6Y,1.29048,1.44997,1.74544,IslandArea,-0.87836,0.90334,-2.39898,LEFT,rectangular_table
KITCHEN,THOMAS,TABLE-SETTING,JaNougatBits,OvenDrawerRight_pd6Y,1.28569,1.45021,1.74539,IslandArea,-0.83939,0.90954,-2.35301,LEFT,rectangular_table
KITCHEN,THOMAS,TABLE-SETTING,JaNougatBits,OvenDrawerRight_pd6Y,1.28534,1.4502,1.73901,IslandArea,-0.79387,0.85524,-2.35403,LEFT,rectangular_table
KITCHEN,THOMAS,TABLE-SETTING,JaNougatBits,OvenDrawerRight_pd6Y,1.28534,1.4502,1.73901,IslandArea,-0.82411,0.88858,-2.48826,LEFT,rectangular_table
KITCHEN,THOMAS,TABLE-SETTING,JaNougatBits,OvenDrawerRight_pd6Y,1.28534,1.4502,1.73901,IslandArea,-0.86648,0.92772,-2.60743,RIGHT,rectangular_table
KITCHEN,THOMAS,TABLE-SETTING,JaNougatBits,OvenDrawerRight_pd6Y,1.30452,1.45039,1.74917,IslandArea,-0.87656,0.92271,-2.48746,LEFT,rectangular_table
KITCHEN,THOMAS,TABLE-SETTING,JaNougatBits,OvenDrawerRight_pd6Y,1.28167,1.44987,1.74582,IslandArea,-0.84805,0.93668,-2.45036,LEFT,rectangular_table
KITCHEN,THOMAS,TABLE-SETTING,JaNougatBits,OvenDrawerRight_pd6Y,1.2842,1.45048,1.74929,IslandArea,-0.81051,0.93181,-2.35612,LEFT,rectangular_table
KITCHEN,THOMAS,TABLE-SETTING,JaNougatBits,OvenDrawerRight_pd6Y,1.25698,1.45004,1.74553,IslandArea,-0.90218,0.93577,-2.43758,LEFT,rectangular_table
KITCHEN,THOMAS,TABLE-SETTING,JaNougatBits,OvenDrawerRight_pd6Y,1.25852,1.45475,1.79337,IslandArea,-0.8244,1.00377,-2.32393,LEFT,rectangular_table
KITCHEN,THOMAS,TABLE-SETTING,JaNougatBits,OvenDrawerRight_pd6Y,1.25852,1.45475,1.79337,IslandArea,-0.84873,0.94177,-2.56117,LEFT,rectangular_table
KITCHEN,THOMAS,TABLE-SETTING,JaNougatBits,OvenDrawerRight_pd6Y,1.2943,1.45051,1.75049,IslandArea,-0.8251,0.89779,-2.42702,LEFT,rectangular_table
KITCHEN,THOMAS,TABLE-SETTING,JaNougatBits,OvenDrawerRight_pd6Y,1.2579,1.45406,1.76497,IslandArea,-0.79462,0.90441,-2.32672,LEFT,rectangular_table
KITCHEN,THOMAS,TABLE-SETTING,JaNougatBits,OvenDrawerRight_pd6Y,1.28911,1.45057,1.74623,IslandArea,-0.84875,1.63011,-2.54997,LEFT,rectangular_table
KITCHEN,THOMAS,TABLE-SETTING,JaNougatBits,OvenDrawerRight_pd6Y,1.28123,1.45,1.74564,IslandArea,-0.81666,1.76093,-2.76056,LEFT,rectangular_table
KITCHEN,THOMAS,TABLE-SETTING,JaNougatBits,OvenDrawerRight_pd6Y,1.26267,1.45429,1.74495,IslandArea,-0.92206,1.2502,-1.68891,RIGHT,rectangular_table
KITCHEN,THOMAS,TABLE-SETTING,JaNougatBits,OvenDrawerRight_pd6Y,1.26267,1.45429,1.74495,IslandArea,-0.92074,1.40012,-2.12644,RIGHT,rectangular_table
KITCHEN,THOMAS,TABLE-SETTING,JaNougatBits,OvenDrawerRight_pd6Y,1.29368,1.45007,1.74553,IslandArea,-1.03672,1.36963,-2.6961,LEFT,rectangular_table
KITCHEN,THOMAS,TABLE-SETTING,JaNougatBits,OvenDrawerRight_pd6Y,1.26667,1.40184,1.74621,IslandArea,-0.97998,1.38645,-2.76788,LEFT,rectangular_table
KITCHEN,THOMAS,TABLE-SETTING,JaNougatBits,OvenDrawerRight_pd6Y,1.26748,1.45691,1.74316,IslandArea,-0.83193,1.38941,3.12368,LEFT,rectangular_table
KITCHEN,THOMAS,TABLE-SETTING,JaNougatBits,OvenDrawerRight_pd6Y,1.25679,1.45011,1.7458,IslandArea,-0.88669,1.46711,-3.07595,LEFT,rectangular_table
KITCHEN,THOMAS,TABLE-SETTING,BaerenMarkeFrischeAlpenmilch38,FridgeDoorBottomShelf_94Zy,1.14442,-1.21031,1.3856,IslandArea,-0.91313,1.14753,-0.79644,LEFT,rectangular_table
KITCHEN,THOMAS,TABLE-SETTING,BaerenMarkeFrischeAlpenmilch38,FridgeDoorBottomShelf_94Zy,1.14671,-1.30788,1.49123,IslandArea,-0.85509,1.20716,-0.13802,RIGHT,rectangular_table
KITCHEN,THOMAS,TABLE-SETTING,BaerenMarkeFrischeAlpenmilch38,FridgeDoorBottomShelf_94Zy,1.13105,-1.23723,1.44836,IslandArea,-0.85267,1.09157,-0.54887,LEFT,rectangular_table
KITCHEN,THOMAS,TABLE-SETTING,BaerenMarkeFrischeAlpenmilch38,FridgeDoorBottomShelf_94Zy,1.15534,-1.30456,1.60849,IslandArea,-0.88453,1.17692,0.01968,RIGHT,rectangular_table
KITCHEN,THOMAS,TABLE-SETTING,BaerenMarkeFrischeAlpenmilch38,FridgeDoorBottomShelf_94Zy,1.14678,-1.28389,1.45182,IslandArea,-0.88576,1.1741,-0.10558,RIGHT,rectangular_table
KITCHEN,THOMAS,TABLE-SETTING,BaerenMarkeFrischeAlpenmilch38,FridgeDoorBottomShelf_94Zy,1.11777,-1.30402,1.55994,IslandArea,-0.91165,1.15902,-0.53937,LEFT,rectangular_table
KITCHEN,THOMAS,TABLE-SETTING,BaerenMarkeFrischeAlpenmilch38,FridgeDoorBottomShelf_94Zy,1.1836,-1.14439,1.06816,IslandArea,-0.87692,1.12999,-0.98512,LEFT,rectangular_table
KITCHEN,THOMAS,TABLE-SETTING,BaerenMarkeFrischeAlpenmilch38,FridgeDoorBottomShelf_94Zy,1.17106,-1.18653,1.27538,IslandArea,-0.82503,1.10914,-0.37917,RIGHT,rectangular_table
KITCHEN,THOMAS,TABLE-SETTING,BaerenMarkeFrischeAlpenmilch38,FridgeDoorBottomShelf_94Zy,1.17106,-1.18653,1.27538,IslandArea,-0.85809,1.13682,-0.42082,RIGHT,rectangular_table
KITCHEN,THOMAS,TABLE-SETTING,BaerenMarkeFrischeAlpenmilch38,FridgeDoorBottomShelf_94Zy,1.23075,-1.09029,0.91271,IslandArea,-0.91617,1.14215,-1.07201,LEFT,rectangular_table
KITCHEN,THOMAS,TABLE-SETTING,BaerenMarkeFrischeAlpenmilch38,FridgeDoorBottomShelf_94Zy,1.16103,-1.2504,1.43018,IslandArea,-0.8903,1.16781,-0.20508,RIGHT,rectangular_table
KITCHEN,THOMAS,TABLE-SETTING,BaerenMarkeFrischeAlpenmilch38,FridgeDoorBottomShelf_94Zy,1.1691,-1.20376,1.28119,IslandArea,-0.87708,1.19591,-0.2182,RIGHT,rectangular_table
KITCHEN,THOMAS,TABLE-SETTING,BaerenMarkeFrischeAlpenmilch38,FridgeDoorBottomShelf_94Zy,1.12779,-1.28579,1.51033,IslandArea,-0.93511,1.18959,-0.28036,LEFT,rectangular_table
KITCHEN,THOMAS,TABLE-SETTING,BaerenMarkeFrischeAlpenmilch38,FridgeDoorBottomShelf_94Zy,1.17159,-1.16766,1.15526,IslandArea,-0.836,1.18314,-0.67335,LEFT,rectangular_table
KITCHEN,THOMAS,TABLE-SETTING,BaerenMarkeFrischeAlpenmilch38,FridgeDoorBottomShelf_94Zy,1.13028,-1.27409,1.47392,IslandArea,-0.87071,1.10662,-0.53721,LEFT,rectangular_table
KITCHEN,THOMAS,TABLE-SETTING,BaerenMarkeFrischeAlpenmilch38,FridgeDoorBottomShelf_94Zy,1.12891,-1.2785,1.5126,IslandArea,-0.87509,1.1203,-0.17987,RIGHT,rectangular_table
KITCHEN,THOMAS,TABLE-SETTING,BaerenMarkeFrischeAlpenmilch38,FridgeDoorBottomShelf_94Zy,1.13734,-1.30061,1.6714,IslandArea,-0.84688,1.91816,-0.20004,RIGHT,rectangular_table
KITCHEN,THOMAS,TABLE-SETTING,BaerenMarkeFrischeAlpenmilch38,FridgeDoorBottomShelf_94Zy,1.15424,-1.22553,1.46302,IslandArea,-0.88728,1.9774,-0.23154,RIGHT,rectangular_table
KITCHEN,THOMAS,TABLE-SETTING,BaerenMarkeFrischeAlpenmilch38,FridgeDoorBottomShelf_94Zy,1.13848,-1.30608,1.7198,IslandArea,-0.96922,1.79646,0.30625,RIGHT,rectangular_table
KITCHEN,THOMAS,TABLE-SETTING,BaerenMarkeFrischeAlpenmilch38,FridgeDoorBottomShelf_94Zy,1.13848,-1.30608,1.7198,IslandArea,-0.75823,1.43326,0.50962,LEFT,rectangular_table
KITCHEN,THOMAS,TABLE-SETTING,BaerenMarkeFrischeAlpenmilch38,FridgeDoorBottomShelf_94Zy,1.13607,-1.25436,1.4419,IslandArea,-0.83688,1.89713,-0.29719,RIGHT,rectangular_table
KITCHEN,THOMAS,TABLE-SETTING,BaerenMarkeFrischeAlpenmilch38,FridgeDoorBottomShelf_94Zy,1.1564,-1.24344,1.41111,IslandArea,-0.75375,1.62594,0.18637,RIGHT,rectangular_table
KITCHEN,THOMAS,TABLE-SETTING,BaerenMarkeFrischeAlpenmilch38,FridgeDoorBottomShelf_94Zy,1.12509,-1.29949,1.56931,IslandArea,-0.89461,1.42743,-0.5502,RIGHT,rectangular_table
KITCHEN,THOMAS,TABLE-SETTING,BaerenMarkeFrischeAlpenmilch38,FridgeDoorBottomShelf_94Zy,1.15719,-1.23055,1.48392,IslandArea,-0.87268,1.47381,-0.72653,RIGHT,rectangular_table
KITCHEN,THOMAS,TABLE-SETTING,BaerenMarkeFrischeAlpenmilch38,FridgeDoorBottomShelf_94Zy,1.13831,-1.25272,1.43698,IslandArea,-0.87468,1.45085,-0.60163,RIGHT,rectangular_table
KITCHEN,THOMAS,TABLE-SETTING,BaerenMarkeFrischeAlpenmilch38,FridgeDoorBottomShelf_94Zy,1.14042,-1.30506,1.58537,IslandArea,-0.88924,1.48143,-0.18049,RIGHT,rectangular_table
KITCHEN,THOMAS,TABLE-SETTING,BaerenMarkeFrischeAlpenmilch38,FridgeDoorBottomShelf_94Zy,1.14231,-1.30779,1.67145,IslandArea,-0.94123,1.43652,-0.65598,RIGHT,rectangular_table
KITCHEN,THOMAS,TABLE-SETTING,BaerenMarkeFrischeAlpenmilch38,FridgeDoorBottomShelf_94Zy,1.15036,-1.23608,1.39846,IslandArea,-1.02268,1.33592,-0.62299,RIGHT,rectangular_table
KITCHEN,THOMAS,TABLE-SETTING,HohesCOrange,FridgeGlassShelf_BgAr,1.6632,-0.935,-0.00411,IslandArea,-0.82965,1.62943,3.14067,LEFT,rectangular_table
KITCHEN,THOMAS,TABLE-SETTING,HohesCOrange,FridgeGlassShelf_BgAr,1.655,-0.93,0,IslandArea,-0.79293,1.43721,3.07732,LEFT,rectangular_table
KITCHEN,THOMAS,TABLE-SETTING,HohesCOrange,FridgeGlassShelf_BgAr,1.655,-0.93,0,IslandArea,-0.96151,1.82603,2.76955,RIGHT,rectangular_table
KITCHEN,THOMAS,TABLE-SETTING,HohesCOrange,FridgeGlassShelf_BgAr,1.65123,-0.96123,0.00177,IslandArea,-0.77969,1.5979,-2.45257,LEFT,rectangular_table
KITCHEN,THOMAS,TABLE-SETTING,HohesCOrange,FridgeGlassShelf_BgAr,1.655,-0.93,0,IslandArea,-0.74184,1.4949,-2.55336,LEFT,rectangular_table
KITCHEN,THOMAS,TABLE-SETTING,HohesCOrange,FridgeGlassShelf_BgAr,1.655,-0.93,0,IslandArea,-0.97992,1.30871,3.11889,LEFT,rectangular_table
KITCHEN,THOMAS,TABLE-SETTING,HohesCOrange,FridgeGlassShelf_BgAr,1.64387,-0.92313,0.21048,IslandArea,-0.99358,1.27114,-3.10233,LEFT,rectangular_table
KITCHEN,THOMAS,TABLE-SETTING,HohesCOrange,FridgeGlassShelf_BgAr,1.6695,-0.95112,-0.04905,IslandArea,-0.97143,1.30975,2.70789,LEFT,rectangular_table
KITCHEN,THOMAS,TABLE-SETTING,HohesCOrange,FridgeGlassShelf_BgAr,1.655,-0.93,0,IslandArea,-0.93963,1.36564,2.78509,LEFT,rectangular_table
KITCHEN,THOMAS,TABLE-SETTING,HohesCOrange,FridgeGlassShelf_BgAr,1.66463,-0.93168,0,IslandArea,-0.84403,1.37433,2.85985,LEFT,rectangular_table
KITCHEN,THOMAS,TABLE-SETTING,HohesCOrange,FridgeGlassShelf_BgAr,1.67548,-0.93076,0.00528,IslandArea,-0.99974,1.33101,3.09418,LEFT,rectangular_table
KITCHEN,THOMAS,TABLE-SETTING,HohesCOrange,FridgeGlassShelf_BgAr,1.655,-0.93,0,IslandArea,-1.00778,1.51512,2.85149,LEFT,rectangular_table
